date,id,username,name,tweet,sentiment
2021-03-03 19:47:19,1367275429376233474,GrammieMBC,MBC üë©üèº‚Äçüè´,@MerrillEdge Asshole,0.0
2021-03-03 17:34:06,1367241905210159107,91FRUITY,eva,@MerrillEdge  https://t.co/QnXamtniIy,0.0
2021-03-03 03:12:25,1367025054169452546,iLoscity,Hope,@MerrillEdge I still hold 70 ADR shares of LINE Corporation in my Merrill Edge account  now and cannot trade it.  It should be sold when privatization.  Why it is still in my accoutÔºü  Is it normal and same in other broker Ôºü@TDAmeritrade @Robinhoodapp,0.296
2021-03-03 00:26:15,1366983235041849346,knguyen1,Survivor,@MerrillEdge The most stupidest ad,-0.5709
2021-03-02 18:05:48,1366887492574736387,oofyamhhu,iknowdasright,@MerrillEdge The accuracy,0.0
2021-03-01 10:32:05,1366410923229859840,kurtjive,Kurt Williams Ricks,@MerrillEdge  https://t.co/AphuK1ZE3f,0.0
2021-03-01 00:10:09,1366254409307488256,JimCope69401680,@ JimCopeland,@MerrillEdge I already learned that -- The hard way.,-0.1027
2021-02-28 21:36:05,1366215636423036933,WizzyHatG,"Wizzy ¬ø‚ìß_‚ìßÔÆå üßô‚Äç‚ôÇÔ∏èüêç, CPA",@MerrillEdge this tweet format is pog,0.0
2021-02-28 08:26:06,1366016828837933059,arnoudkrijt,Arnoud,@MerrillEdge #Disappointed Didn‚Äôt have the same problem at @Fidelity,-0.4019
2021-02-27 15:50:41,1365766327064023045,Chipperbuilt775,SK Charles C Hall,@MerrillEdge These words I have pronounced with my voice command.,0.0
2021-02-27 15:48:49,1365765854659571714,Chipperbuilt775,SK Charles C Hall,@MerrillEdge John Deere Vise tracter co like runs like a deer and you will never catch it jumping out of a tree with a knife to slit his throat like I do in emergencies for my family and their friends my sons and their little friends the little piranhas always hungry.,0.9136
2021-02-27 15:46:50,1365765358880178177,Chipperbuilt775,SK Charles C Hall,@MerrillEdge Are you strong like bull or a John Deere tractor weak and stupid like donkey?,0.25
2021-02-27 15:46:09,1365765184405569547,Chipperbuilt775,SK Charles C Hall,@MerrillEdge I asked him if he knew what a plumb bob was.,0.0
2021-02-27 15:45:46,1365765088687366148,Chipperbuilt775,SK Charles C Hall,@MerrillEdge I tested a bricklayer for my I am sick of making mortar and carrying it up the ladder I asked the local bricklayer he told me I tested him he wanted to f****** rebuild my whole chimney. Bad bricklayers and good brick layers are everywhere.,-0.5994
2021-02-27 15:44:43,1365764823674474499,Chipperbuilt775,SK Charles C Hall,@MerrillEdge Prior artwork by an inventor always cherish your career it will be very valuable and changing fortunes of time. Go to Dunwoody Minneapolis at any cost. After WW2 Dunwoody was a giant bakery. Sheila smokestacks no liability and will pay a tuck pointer to fix it like me.,0.624
2021-02-26 22:29:18,1365504254522384384,Jane_Steranko,Jane.Steranko,@MerrillEdge Still scared of you,-0.4404
2021-02-26 20:22:42,1365472392177463296,TekkamanMonkee,Jacob Wheeler,@MerrillEdge merrill..  https://t.co/tmMY1ThE2M,0.0
2021-02-26 07:09:35,1365272799841898500,818_benz,Solo Tiburon,@MerrillEdge WHY DO U MAKE US WAIT ON A TEXT TO BUY? IT TOOK 13mins TO BUY. AND IT COSTS MORE. U R NOT HELPING UR CUSTOMERS @FINRA look at this please,-0.1975
2021-02-25 16:44:32,1365055103695282176,TheBDunn,Space Viking the yeeted ü™µü™ì M.Sc. üáπüáº buy $algo,"@MerrillEdge I'm pretty sure it's illegal to sell my stocks without my permission, I had 10 shares of $gme and you guys sold it at $180, I didn't put that order in, so you did and that's an issue.",0.4767
2021-02-25 12:34:09,1364992091252658176,ausathya,Sathiya N Sundarajan,"@MerrillEdge @BankofAmerica I am a HNWI. Who are you to decide I can't invest in Bitcoin through @ARKInvest and @Grayscale . Both SEC reporting investments. Moving to @TDAmeritrade . Perhaps, you may wake up when enough money leaves the platform.",0.0
2021-02-25 11:14:06,1364971946404950024,adh597,reachanil,@MerrillEdge horrible customer service. No assistance,-0.6908
2021-02-24 16:05:26,1364682876181041152,arnoudkrijt,Arnoud,@MerrillEdge Very disappointed not being able to trade cannabis related stocks like PowerREIT. Merrill shouldn‚Äôt decide for me what is too risky for its customers.,-0.4005
2021-02-24 15:57:07,1364680783206711296,VikingLordDeat1,VikingLordDeath,"@MerrillEdge @MerrillEdge @MerrillLynch  DM'd my information on 2/18 and you still haven't responded. Seriously, is there anyone there on your social media accounts??",0.2211
2021-02-24 02:21:20,1364475483652427783,knguyen1,Survivor,"@MerrillEdge Total waste of money on this ad. The worst I‚Äôve ever seen. Just like their trading software, not users friendly",-0.7922
2021-02-23 22:36:18,1364418850427527174,BEOMKUII,Ÿãbeomgyu's gf,@MerrillEdge tf is this ad format,0.0
2021-02-23 16:53:48,1364332659032289282,bestlawyerever,Lawyer,@MerrillEdge So no more performance measure on the app?!?!? Cmon man!!!!!,-0.6371
2021-02-22 17:49:35,1363984307111538693,SALES_720,Neal Fink,@MerrillEdge your website and customer service is awful. Looking for other companies! Goodbye!,-0.555
2021-02-22 17:13:28,1363975219917037571,4nomorenonsense,Jim Martin,@MerrillEdge Is this Evan from Discovery‚Äôs 100 Days Wild? @Discovery,0.0
2021-02-22 15:08:24,1363943745482199040,TheMightyMaus,Matthew Maus,@MerrillEdge hey team - been on hold for 30 minutes. Is this the service level I should expect? Even @RobinhoodApp who has no physical locations is faster than this...  https://t.co/uA5HqoqvqA,-0.296
2021-02-22 11:34:07,1363889819328253955,maxaminion,Max,@MerrillEdge your platform really sucks. You‚Äôre the only platform that I use that makes me wait to settle my expired options before you release my covered options!,-0.474
2021-02-22 06:33:41,1363814214268313602,_jvm2222,James,"@MerrillEdge Why are you running an investment ad on a the day of morning? Millennial Marketing , fucking idiots.",0.0
2021-02-22 02:58:18,1363760008157036547,kurtjive,Kurt Williams Ricks,@MerrillEdge  https://t.co/HWHIKNspxZ,0.0
2021-02-22 00:56:27,1363729344422547459,j_stellar,jStellar,@MerrillEdge This is a religious thread. No money  changers allowed.,-0.296
2021-02-21 10:01:59,1363504246142951424,Zoro21Million,Zoro,@MerrillEdge Crypto insights?,0.0
2021-02-21 03:43:18,1363408945738489867,NemoBusy,NemoBusy Code,@MerrillEdge I'm not able to log in,0.0
2021-02-20 14:15:54,1363205756930162689,_RandyDiaz,Randy Diaz,"@MerrillEdge Yay all those taxes I've been paying now hemorrhaged into a home I don't want! As a young professional, financially able to purchase a home; no I am not ready even though I have the money I wish I didn't live in crony capitalist systems created by our politicians.",0.594
2021-02-20 09:44:04,1363137350738485252,EGBERT20,WILLIAM J. BRADLEY,"@MerrillEdge If a person cheats in a relationship,, means he or she don't give a darn about you,,,, so what makes you think they give a darn about you exposing that they cheated,,, pull up your boot straps learn from it and move on,,,",-0.5994
2021-02-19 14:25:57,1362845899907420160,missylynnisom,Melissa Isom,@MerrillEdge Ink b in n n no hi n n n I I j I no I jn j j. Jn j. J ok ok j. Ok jn j. I i,0.296
2021-02-19 11:01:25,1362794428302155777,kurtjive,Kurt Williams Ricks,@MerrillEdge  https://t.co/qf5wXQAvVI,0.0
2021-02-18 23:01:27,1362613242724560896,No27955188,Paradog,"@MerrillEdge I'm gonna liquidify your siblings, and then I'm gonna force your mother to drink them.",0.0
2021-02-18 09:37:34,1362410938750566400,WintersChef,Chef Winters [$BTC],@MerrillEdge Anne Hathaway just taking any job these days :P,0.4824
2021-02-17 20:16:47,1362209412618719234,818_benz,Solo Tiburon,@MerrillEdge You guys took care of it.  THANK YOU.,0.7531
2021-02-17 09:00:45,1362039286149750790,818_benz,Solo Tiburon,@MerrillEdge @MerrillLynch  U added margin to my acct and now the acct is restricted. I CALLED N UR TEAM EVEN SAID ITS MISTAKE. I NEED TO CLOSE SOME POSITIONS AND NOW CAN'T!  https://t.co/UGbI6iVvU0,-0.7206
2021-02-16 17:29:56,1361805034632151047,jaronaames,Aaron James,@MerrillEdge This is a lie.  Flat out lie!  Stop restricting my trades to only stocks you like.,-0.3802
2021-02-16 17:28:14,1361804609690419200,jaronaames,Aaron James,@MerrillEdge My goals involve pot stocks which are ethical and legal.  But you won't let me self direct my self directed account.  #BadInvestment.,0.5859
2021-02-16 17:25:18,1361803870402473991,jaronaames,Aaron James,@MerrillEdge Stop restricting what stocks I can and cannot buy.  How can you call it a self directed account if you won't let us invest they way we want.  #BadInvestment.,-0.5423
2021-02-16 11:30:49,1361714661595500547,Sueborden6,Sue borden,@MerrillEdge Edge like my car.  Much better.,0.6597
2021-02-16 09:06:27,1361678332664950787,lizseeking60,Liz H,@MerrillEdge I love this ad!  Cute!,0.8309
2021-02-15 04:55:29,1361252784721567744,Mountaintarian,Jim Brown,@MerrillEdge Are y‚Äôall like Bank of America sister ratting out your conservative and/or Christian customers to the Antichrist cancel cults the dnc is using to destroy opposition?,-0.4588
2021-02-15 00:43:33,1361189383160795137,lepcyrus,The Inedible Credible Egg,@MerrillEdge Oh shit it's alternate universe Mary Elizabeth Winstead and Ann Dowd what a coup!,-0.5983
2021-02-14 20:53:51,1361131578492133376,OchoRowdy,Nick,@MerrillEdge Uhhhh master chief?,0.0
2021-02-14 18:17:16,1361092172330713088,John_Ka4y,John,@MerrillEdge Merrill: Where is this house? I want to buy it. John,0.0772
2021-02-14 07:01:07,1360922014320644096,Kaolychan,waffles,@MerrillEdge How the heck did you make the pictures like that,0.3612
2021-02-14 01:31:31,1360839068855205888,SteveGallegos14,Surfcity,@MerrillEdge I first thought that an ad for some demented cheap horror flick just scrolled by.,-0.5719
2021-02-13 22:26:46,1360792572969553921,mattacholic,matt timney,@MerrillEdge Looks like the movie Fargo.,0.3612
2021-02-13 08:29:25,1360581845616893957,keraz37,crft,@MerrillEdge Merrill sucks.    They even screw up their printed reports,-0.4404
2021-02-12 10:41:15,1360252635262107660,j_seibyl,gheem üá∫üá∏‚öñÔ∏èüóΩ,@MerrillEdge I do like this ad for its purposeful ambiguity,0.3612
2021-02-12 09:42:24,1360237826391093250,gadawg80,Vitamin A,@MerrillEdge MCAC ticker had changed to PYBL do you think you guys could actually change it in the system or is it gonna take 3 weeks ?,0.0
2021-02-12 07:01:00,1360197209183186948,stevestub11,Steve Stublarec,"@MerrillEdge Sooooo, if she delivers the mail on a quad in the summer, I‚Äôm gonna need a transfer..!!",0.0
2021-02-12 02:24:37,1360127652699512832,powerchordgamer,PowerChordGamer[Dakota],@MerrillEdge why is there a mail lady on a sled dressed like John halo?,0.3612
2021-02-11 07:04:57,1359835814650339333,dryan45851,Dave Ryan,@MerrillEdge Go Robinhood,0.0
2021-02-10 11:44:12,1359543703820525569,NishantGogna,Nishant,@MerrillEdge Get off social media and help your customers!,0.4574
2021-02-10 09:28:15,1359509489960054785,GhostOfRomo,Ghost Of Romo,@MerrillEdge stop restricting THCX in self direct accounts. Weed is legal,-0.5106
2021-02-09 21:46:49,1359332968955662338,MoAber1,Mo,@MerrillEdge @StockBrokers Dont recommend Merrill Edge... unreliable platform @MerrillEdge,-0.2755
2021-02-09 21:46:32,1359332898369794049,MoAber1,Mo,@MerrillEdge Dont recommend Merrill Edge... unreliable platform @MerrillEdge,-0.2755
2021-02-09 21:46:11,1359332809366589443,MoAber1,Mo,@MerrillEdge Dont recommend Merrill Edge... unreliable platform @MerrillEdge,-0.2755
2021-02-09 21:45:22,1359332602180636677,MoAber1,Mo,@MerrillEdge @SorenCookie Dont recommend Merrill Edge... unreliable platform @MerrillEdge,-0.2755
2021-02-09 21:44:38,1359332419317338112,MoAber1,Mo,@MerrillEdge Dont recommend... unreliable platform. @MerrillEdge,0.0
2021-02-09 11:43:58,1359181257284927491,ay_bear,A. Baier,@MerrillEdge I can invest in other Fintech and ARK ETFs but I can't invest in ARKF? Come on now...,0.0
2021-02-08 11:42:30,1358818501293531136,AndrewC78560740,Andrew Chang,@MerrillEdge Remove the mandatory text verification code or allow email verification.  Unable to place orders for two days bc of this bs.  Activated my simcard internationally just to get charged $20 just to place one single order.  who came up with this????? Robinhood level idea,0.3313
2021-02-07 21:16:34,1358600580810252288,FaithHH02,bipolarexpress,@MerrillEdge Plot twist: that letter was mailed 4 years ago.,0.0
2021-02-07 03:23:51,1358330620003323904,arnnlee5,Aaron Lee,@MerrillEdge @MerrillLynch your app is down... can't login to my account wtf,-0.5859
2021-02-06 07:36:53,1358031911503986689,dryan45851,Dave Ryan,@MerrillEdge Go Robinhood,0.0
2021-02-05 23:14:51,1357905570465017856,dryan45851,Dave Ryan,@MerrillEdge Go Robinhood,0.0
2021-02-05 21:21:08,1357876955253788675,j4ckl3,j4ckl3,@MerrillEdge She was hoping wasn't she?   Little quiver there?,0.4871
2021-02-05 09:01:33,1357690831537274883,vasvale,Vasvale,@MerrillEdge That is a low cost???,-0.3899
2021-02-05 08:05:17,1357676672057815042,dryan45851,Dave Ryan,@MerrillEdge Go Robinhood,0.0
2021-02-05 00:23:08,1357560367350771714,christabbshow,Chris Tabb,@MerrillEdge Daily #inspiration #motivation #jokes I'm on Instagram as @christabbshow. Install the app to follow my photos and videos.  https://t.co/eqBzcYu4gd  https://t.co/9S5UolHLS7,0.0
2021-02-04 17:36:05,1357457928882511874,JCulley13,Jeff Culley,@MerrillEdge I've given up on your platform ever fixing the display issue but one thing you can add (and fast!) is making transactions searchable by ticker symbol.,0.0
2021-02-03 19:17:38,1357121096198291456,tbleahy,Thomas B. Leahy,@MerrillEdge Jjjjjjnjjnjfg,0.0
2021-02-03 15:59:38,1357071271306100739,velveterug,·èÄ·é°anmah·é¶üÖ±Ô∏èoY,@MerrillEdge why can‚Äôt i set my limits higher than 25% !???,0.0
2021-02-03 15:50:11,1357068892481458192,velveterug,·èÄ·é°anmah·é¶üÖ±Ô∏èoY,@MerrillEdge why are limit orders only letting us set them at 25% we‚Äôre the only brokerage that has limit !!,0.0
2021-02-03 10:21:16,1356986115492839427,philbutta,phil,@MerrillEdge Thanks!  https://t.co/yMvEmQV4HF,0.4926
2021-02-03 08:11:58,1356953575960756225,VikingLordDeat1,VikingLordDeath,@MerrillEdge Your phone system blocks call transfer to an agent when using my google voice number to call in. Why? Please respond as your system is broken. Cell call in = instant help. Google Voice call in = Fuck off. #fixyoshit,-0.4939
2021-02-02 18:38:47,1356748931514781696,redwineray,larry,"@MerrillEdge thanks for the advice, let me give u some, upgrade your computer systems and train your phone reps better.",0.7003
2021-02-02 18:20:42,1356744381966012425,Pdog119,PariahDogüóΩ‚öñÔ∏è,@MerrillEdge buy $GME,0.0
2021-02-02 01:42:59,1356493299943493633,MasKubotaUltra,Masaru Kubota,"@MerrillEdge Good job! In India, a kabuter (Kubota) is a pigeon. (pic from John Carpenter's Prince Of Darkness the movie) Mas  https://t.co/MnLjmN2dSk",0.2942
2021-02-01 22:13:16,1356440520852189184,rodp4208,Rod Parker,@MerrillEdge How many teams passed on Brady numerous times. STOP,-0.4466
2021-02-01 14:45:27,1356327823410139144,TheBDunn,Space Viking the yeeted ü™µü™ì M.Sc. üáπüáº buy $algo,"@MerrillEdge why is $frdm blocked on your platform? I have traded this on @WebullGlobal, maybe I'll bring my money there...  https://t.co/L1tbNQriY5",-0.2732
2021-02-01 10:48:41,1356268240540938245,SpaceSecta,SpaceSectaüöÄüõ∞,@MerrillEdge working smooth this morning is surprising as hell! Lol.,-0.2481
2021-02-01 10:30:52,1356263755693371392,VikingLordDeat1,VikingLordDeath,"@MerrillEdge So Merril has my email and a phone number, but when I try to buy a stock it says that a code is needed and that no number is on file. 877 number won't let me hold for an associate..WTF?",-0.1901
2021-02-01 10:24:34,1356262171655757827,cheekbustah,cheekbustah,"@MerrillEdge fails me with the inability to buy $BMWLF , best I can do is pass this along  Pot Stock Penny Stock Built In 19%+ Arbitrage Opportunity + excess returns:   #BMWLF #wsb #wallstreetbets #wsbets    https://t.co/GL8jVjrQvw",0.3612
2021-02-01 09:37:41,1356250374374567938,LifsgdPiscit1,Jennifer Piscitelli,@MerrillEdge seriously AGAIN ON A MONDAY MORNING YOUR SITE IS DOWN???!!!!!!!,-0.528
2021-01-30 23:58:48,1355742306201047040,dorisbeatriz58,Dorisbeatriz58,@MerrillEdge B 7  Y b+  S:ve[j) √± ok)) ///  .,0.0
2021-01-30 16:50:03,1355634407038623746,JCulley13,Jeff Culley,@MerrillEdge @MerrillLynch did you halt trading on $GME and the others like the scummy @RobinhoodApp and scummier @IBKR ?,0.3612
2021-01-30 12:02:33,1355562052480245760,icollect22003,Amusednrefined,@MerrillEdge BS,0.0
2021-01-30 11:05:51,1355547784422670337,TrovebyCristin,Cristin,@MerrillEdge They restricted $AMC buys all day last Thursday.  I‚Äôm moving my account to @Fidelity because they allowed me to buy.,-0.3818
2021-01-29 16:04:16,1355260497659002884,raysurx,R.Ramos,"@MerrillEdge so I'm giving MerrllEdge a try, but so far not good. You guys have Zero Chat support? So only phone support, which can be frustrating to hold for 30 to 60 minutes! Get Chat Support 24/7 or I will switch to Schwab!",0.6926
2021-01-29 13:29:24,1355221523557134337,lampi_jordan,That Guy,"@MerrillEdge I would like an explanation for yesterday's market manipulation that you pulled? I could sell AMC and GME, but not buy any, despite having the cash in my account.",0.0387
2021-01-29 12:25:42,1355205491924856840,adrianday,Thrilled And Bored,@MerrillEdge Seems like a bad time to be advertising about investing... maybe save yourself a few bucks and invest in some Blockbuster stocks.,0.7269
2021-01-29 11:15:30,1355187827110277124,StellaEwald,StellaE,"@MerrillEdge What the hell!?! Let me buy these stocks now! #GameStop GME, #AMC , #Blackberry BB üò°",-0.7562
2021-01-29 10:51:34,1355181802235826176,Luna83935278,Luna,"@MerrillEdge uhhhh hi there, are y‚Äôall gonna let me buy some stocks today are are y‚Äôall still manipulating the market???",-0.466
2021-01-29 10:45:44,1355180334296354819,madew19,Mark Dewey,@MerrillEdge Manipulated much today?,-0.3818
2021-01-29 09:50:34,1355166450177220612,englishaccent78,SilentVelcro,"@MerrillEdge Clicked to read the ad, stayed for the comments.  I was not disappointed...well done team Twitter",0.0
2021-01-29 07:07:34,1355125432337707010,Ghris_,YaceYase Films,@MerrillEdge could we get crypto exchanges on the app soon?,0.0
2021-01-29 02:34:30,1355056712567296000,PeteGKing,Pete King,@MerrillEdge I‚Äôve been on hold for over an hour. I‚Äôm locked out of my account for no apparent reason. WHAT IS GOING ON,-0.296
2021-01-29 02:16:39,1355052221705031684,M0nsterDaniel,Daniel,"@MerrillEdge allow for the free trade of stock. I don‚Äôt need investment advice, I don‚Äôt need you to protect me from a highly volatile market. If I ask you to buy me shares of AMC or GME, your reply should be how many shares? That‚Äôs what I use you for, to facilitate a transaction!",0.8883
2021-01-29 01:28:13,1355040031409205248,Quinn__Daddy,B. Quinn,@MerrillEdge is the iOS app healthy right now? Having issues with login that appear to be in your end,0.4019
2021-01-29 00:47:02,1355029667229519874,BlankVeid,Yuta,@MerrillEdge #dogecoin is the next #gme,0.0
2021-01-28 23:56:16,1355016893120307210,NishantGogna,Nishant,@MerrillEdge Merrill is only looking out for itself and its Wall Street buddies. Today‚Äôs trade supression was the last straw. You cannot be trusted.,-0.3724
2021-01-28 23:40:24,1355012898444238848,Tweader4,Tweader,@MerrillEdge Can we trade AMC and GME again?,0.0
2021-01-28 21:39:00,1354982345384882178,DavidHagan19,David Hagan,@MerrillEdge Not the right day for this ad.,0.0
2021-01-28 20:36:24,1354966594108055558,zackddclub,Zack,"@MerrillEdge Lift restrictions on $GME $AMC $BB et. al.   By limiting trading, you are not only preventing new investors from entering positions they should be allowed to enter, but you are also taking liquidity away from those of us who already have a position.",0.0096
2021-01-28 19:26:04,1354948893482639361,daddywolf65,Jaxs Wolfenslagen,"@MerrillEdge Brokerage Squawk Box:  Now people, we need you to call your clients and sell em IBM today.  Brokers: Yes sir.  ‚Äî‚Äî‚Äî‚Äî‚Äî‚Äî‚Äî‚Äî‚Äî‚Äî-  Reddit Squawk Box:  Guys I think we should buy GME today.  Brokerages:  No. You‚Äôre cancelled.",-0.128
2021-01-28 19:10:57,1354945087919288322,daddywolf65,Jaxs Wolfenslagen,@MerrillEdge why are you restricting a Cash account to purchase what they clearly can afford?  GME and AMC and others.   I am sure hedge funds took advantage to try and short it down as no buying was allowed.  RIGGED!,-0.3237
2021-01-28 18:57:59,1354941824054435853,JoelLoren1,Joel Loren,@MerrillEdge lol,0.4215
2021-01-28 18:46:19,1354938889014800387,InstallersNow,Installers Now,@MerrillEdge My money is going in Defi.,0.0
2021-01-28 17:39:56,1354922183169081347,WhenUSeeMeSeeU,Shavon,@MerrillEdge Merrill Edge wouldn't allow me to buy more $AMC #RobinHood #AMCtothemoon #AMC #EatTheRich,-0.1695
2021-01-28 17:22:28,1354917789811634182,paulcartonia4,paulcartonia,@MerrillEdge i am very disappointed that you choose not to allow customers to buy gme you allowed hedge funds to manipulate the stock that's cheating the customers what you did along with others is criminal i have no position in gme next it could be appl amzn etc,-0.9225
2021-01-28 17:11:09,1354914942240043012,racerx2727,William,@MerrillEdge You did the same shit as Robinhood app today.,-0.5574
2021-01-28 17:10:03,1354914661624381440,letskeepit100yo,BIGDUBYA,"@MerrillEdge I'll do it without you after blocking my trades to day #HoldTheLine. Maybe I'll make something from the class action suit against you and you can give me some advice on how to invest it, for old times sake. ‚úåÔ∏è",0.2924
2021-01-28 16:59:35,1354912031229550601,trboy420,kevin :-P,"@MerrillEdge I believe my GME stock would be valued at $250,000 today had Citadel Investments (Robinhood) not illegally detained my free speech. As a result I am liquidating my assets and going all in on GME.",0.8465
2021-01-28 16:57:22,1354911470673223680,khiethy,Arielle‚ú®NEO TWEWY 2021,@MerrillEdge I love that I got an ad for Merrill after Robinhood restricted access for buying. Y'all can go rot.,0.3818
2021-01-28 16:50:58,1354909860404617216,BobSagetsMom,MrCombos - Se√±or Paredes,"@MerrillEdge How do I fuck hedge funds, pls.",-0.4939
2021-01-28 16:49:12,1354909417351868419,DavidnondivaD,Bear Bones üêª‚ò†Ô∏è,@MerrillEdge This ad is a waste of money,-0.4215
2021-01-28 16:23:12,1354902872945795076,halo_smyth,Halo_Smyth,@MerrillEdge Self directed unless you want to buy $GME,0.0772
2021-01-28 16:11:00,1354899804267048961,JKENcarterblock,JüëîKENüåä,@MerrillEdge  https://t.co/765n68ekae,0.0
2021-01-28 16:10:03,1354899562591186944,hank117,Henry,@MerrillEdge  Please lift the restrictions and let us trade.,0.3182
2021-01-28 15:17:07,1354886240961630210,aweifromkeyboa1,aweifromkeyboard,@MerrillEdge why have you restricted the buying of $GME and $AMC on your platform? This is blatantly opening up an  opportunity for short sellers to manipulate these stock prices downward. This is disgraceful.,0.0516
2021-01-28 15:17:06,1354886239778959361,The_Hamburglar2,The Hamburglar,@MerrillEdge why can‚Äôt I invest in AMC???,0.0
2021-01-28 15:12:08,1354884987225600003,Dizzie56Rich,dizzie56,"@MerrillEdge open up GME, AMC, etc.  You are actively manipulating the market by doing what you are doing.  Filling a complaint with the SEC.",-0.34
2021-01-28 15:02:53,1354882659089084422,christabbshow,Chris Tabb,@MerrillEdge Comedian Chris Tabb: Don't Wanna' Be A #Celebrity   https://t.co/ICOEdIMC3n #TigerWoods #KateGossling #BillGates #gasbill #realityStar #puertoricans #Connecticut #Dancingwiththestars #ihop #walmart #throwback #standupcomedy #GameStop,0.3818
2021-01-28 15:00:09,1354881972057722881,KamiyamaGG,Rick Garwood,"@MerrillEdge Hey, so are y'all going to let it be a free market or?  https://t.co/9f1oNHo94P",0.5106
2021-01-28 14:57:45,1354881370326228995,letskeepit100yo,BIGDUBYA,"@MerrillEdge you will lose my business soon. Open trading for $GME, $AMC, etc.   #HoldTheLine",-0.4019
2021-01-28 14:57:21,1354881268496949249,aattard77,Antman üê¶üß¢üåπ‚úàÔ∏èüèí,@MerrillEdge you ever going to let us buy $GME again or you going to continue siding with hedge fund managers and not let us trade freely?,0.4404
2021-01-28 14:52:23,1354880016551710720,Lurking4Trades,EmptySpaces,@MerrillEdge My goal is to ride the GME AMC wave! Why you no let us trade? Let my people trade!,-0.4184
2021-01-28 14:51:05,1354879692159901697,DTLytics,David Trujillo,@MerrillEdge free the market $AMC $GME,0.5106
2021-01-28 14:50:06,1354879444029218818,TolgaUluser,Tolga Uluser,"@MerrillEdge ƒ± have opened an account , but in my first try to login to my account, it is locked. ü§î . ƒ± called the ""help number"" provided, waited 37 min üò°, but no one answered.  üëè what a shame for a company like you ....",0.0772
2021-01-28 14:47:00,1354878663980888072,blingbling543,Yeetasaurus Flex üí™üèΩ,@MerrillEdge definitely pulling my money and switching banks after you guys restricted stocks purchases.,0.0258
2021-01-28 14:43:29,1354877780341772290,markfarage,Mark Farage,"@MerrillEdge So, let me get this right, you restrict my ability to trade GME to reduce the risk of market volatility...where were you when hospitality, cruise, and airlines cratered in 2020?  #dirty",-0.34
2021-01-28 14:33:20,1354875223640662017,RareEarth14,Rare Earth,"@MerrillEdge Did you close down the entire site? Why can't I log in?!!! After all, it's MY money.  Closing my account if I ever get access again!!!",0.0
2021-01-28 14:28:23,1354873976594575368,SonofNorsemen,Mike,@MerrillEdge Can't believe I recommended Merrill Edge to many people and you ban people from purchasing securities with their own money.,-0.4574
2021-01-28 14:20:32,1354872002272755717,Kaufmak,podcast professor,@MerrillEdge will you restrict trade to protect hedge funds?,0.0
2021-01-28 14:14:36,1354870508320415744,CharlieDenny84,OTMCALLBUYER,@MerrillEdge $GME and $AMC to the moon !!!!  https://t.co/dXjHbayPZD,0.0
2021-01-28 14:02:07,1354867366434381828,akathebusiness,HardRe | üÖæÔ∏èüÖøÔ∏è —äƒ∏,@MerrillEdge @MerrillLynch why are you disallowing me to purchase certain securities? I have been a long time investor and user of your services. This is absolutely unacceptable. Should my funds be transferred elsewhere? $amc $gme,0.0943
2021-01-28 13:51:11,1354864618791952387,PearlJam09,Jacob Kravitz,@MerrillEdge @BankofAmerica have done the same thing.  Its almost as if they don't want the free market to be free.,-0.6834
2021-01-28 13:50:02,1354864328533532673,BigForSportsGuy,"Copy, Paster",@MerrillEdge fuck you guys for blocking buy orders of GME. Fucking crooks. You belong in jail. #gme #GameStop #wsb @stoolpresidente,-0.7269
2021-01-28 13:47:58,1354863808594862081,Kauairockchick,Mrs. Ash,@MerrillEdge You pants are down and your a$$ is showing. Act accordingly. Or not. The casino has been exposed for all to see.,-0.0772
2021-01-28 13:47:33,1354863700549591042,VashonNick,VashonNick,"@MerrillEdge Yes, I‚Äôd like to buy GameStop stock today",0.6369
2021-01-28 13:46:45,1354863499428683779,MoMoneyMorency,Spen Griffey Jr.,@MerrillEdge how about you stop manipulating the market and let me buy what i want!!! class action lawsuits are definitely coming,-0.4898
2021-01-28 13:30:52,1354859504777764865,Jaz_Distilled,Jaz,@MerrillEdge stop blocking retail investors from buying $GME or $AMC . So disappointed will take my business elsewhere.,-0.8016
2021-01-28 13:27:38,1354858690080288768,Chris_Lockwood1,Chris Lockwood,@MerrillEdge so you restrict us from buying GameStop and AMC. Who‚Äôs interests do you have. I‚Äôm a platinum customer with BoA. I don‚Äôt need you telling me what are moves are in my best interest,0.7447
2021-01-28 13:26:09,1354858315147137027,SoCalPhillie,SoCalPhillieüöÄ,@MerrillEdge Screw your platform !  Won‚Äôt allow@me to buy AMC  https://t.co/XVuLjatl10,-0.1759
2021-01-28 13:22:30,1354857399153291267,DanPastor6,Biden‚Äôs My President MAGA TEARS üò•,@MerrillEdge @braveheart885 Merrill Edge needs to be investigated. The average American has to follow rules but when the wealthy and brokerage firms risk losing money they change the rules to their benefit. I encourage everyone to write their congressmen   https://t.co/AazdYNPvUb,0.7684
2021-01-28 13:17:59,1354856263327363073,And1White,Anders White,"@MerrillEdge Let us buy our stocks. Only loyal to their hedge fund customers.    Sincerely,                                          Pissed off Customer",0.25
2021-01-28 13:14:55,1354855491785125890,consumemymind,quarantina (75%) #blm,@MerrillEdge Can one of your associates pick up the fucking phone so I can withdraw my money and close my account? Don't want to do business with a company that engages in market manipulation.,-0.1083
2021-01-28 13:07:44,1354853683884822530,dafonda,D.A. Fonda,@MerrillEdge Only if your goals are acceptable to Merrill.  https://t.co/hGA5ojLu0t,0.3182
2021-01-28 13:01:08,1354852023351582720,Logan_ofthecorn,"Logan, Socialist of the CornüåΩ","@MerrillEdge Reject tradition, embrace stonks",-0.1027
2021-01-28 12:58:47,1354851428314062848,budgetobserver,Siobhan Hullinger,"@MerrillEdge @MerrillLynch @RepAOC @SenTedCruz @SenWarren All trading wasn't halted,only BUYING! What @stoolpresidente is saying is true.Only allowing selling should be illegal,collusion&amp;manipulation.People need to go to jail.Hedge funds took the risk.They should be bailed out?BS",0.0
2021-01-28 12:48:11,1354848764079575044,brh512,The Bodhisattva,@MerrillEdge the latest to restrict $GME and $AMC buys.  I smell lawsuits afoot...  #HoldTheLine  https://t.co/Yh2zu5n2PA,-0.4939
2021-01-28 12:47:54,1354848692390526978,Dizzie56Rich,dizzie56,@MerrillEdge open up GME ya cucks,0.0
2021-01-28 12:45:03,1354847975848206338,SchneiderCarso1,"a young boy, growing up in bulgaria",@MerrillEdge üñïyou too! @RobinhoodApp üñï @TDAmeritrade üñï  https://t.co/RKAHTfV2KG,0.0
2021-01-28 12:44:40,1354847879135981572,MvpMets00,Scott,@MerrillEdge Eat shit.,-0.5574
2021-01-28 12:39:10,1354846494172585994,BThereFor,Amos CW,@MerrillEdge hey! let me trade AME!,0.0
2021-01-28 12:36:45,1354845885075746824,Vipertherapper1,Viper_the_rapper,"@MerrillEdge Let us buy whatever we want. It's our money, you scumbags.",0.0772
2021-01-28 12:35:26,1354845555470462976,Dude05Magic,magic_dude05,@MerrillEdge Yo wtf. Let us buy GME AMC NOK and BB,-0.5859
2021-01-28 12:33:31,1354845071212859395,IrbieW,universal voter registration !,@MerrillEdge Selling the illusion of having opportunity to get a piece of the action. Liars,-0.1531
2021-01-28 12:30:59,1354844435331346434,ddotk_,dkaz,@MerrillEdge blocked transactions too. #amcstock #GMEstock time for a change,-0.2732
2021-01-28 12:30:31,1354844314535387141,beccascope,LoveTrumpsHate,@MerrillEdge absolutely bullshit that you restricted trading on GME!,-0.7897
2021-01-28 12:23:28,1354842542135623680,anetworker5,·¥¨·¥∫·¥±·µÄ·µÇ·¥º·¥ø·¥∑·¥±·¥ø,@merrilledge not allowing buys of #AMC #GME stock by regular traders is discriminatory  #traderinequity #traderinequity #traderinequity #traderinequity #traderinequity #traderinequity #traderinequity #traderinequity #traderinequity #traderinequity #traderinequity #traderinequity,0.0
2021-01-28 12:20:42,1354841844287500295,Sensi_Spency,Spencer Watson,@MerrillEdge also contributing to the attack on the ‚Äúfree market‚Äù today. I wonder how many of their hedge fund buddies had short positions in #GME #AMC #NOK #BB #BBBY  https://t.co/Kin1nxYJLW,-0.4767
2021-01-28 12:17:45,1354841104420544514,GMurph7,G Murph,@MerrillEdge Block Twitter ads.,-0.4404
2021-01-28 12:15:20,1354840494723895297,lemmonkkng,david üß¢,@MerrillEdge Your trash,0.0
2021-01-28 12:14:38,1354840321125806080,dimaggio_roman,Roman DiMaggio,@MerrillEdge #traderinequity,0.0
2021-01-28 12:13:27,1354840019521814528,TrovebyCristin,Cristin,@MerrillEdge Open buys for $AMC you crooks!! Moving my $100k trading account to @Fidelity asap.  Never will do business with you or @BankofAmerica again!,0.0
2021-01-28 12:10:33,1354839290170249216,snwwho,ùòΩùôßùôñùô£ùôôùô§ùô£ ‚ô° üêâ,@MerrillEdge fuck banks,-0.5423
2021-01-28 12:07:20,1354838481969754116,knuckles904,Knuckles904,"@MerrillEdge Any comment on why the ability to buy #GME and #AMC has been halted, but not the ability to sell? #Robinhood will likely be investigated for their decision in Congress. It appears @MerrillLynch 's brokerage should be too",0.5574
2021-01-28 12:02:40,1354837307677958145,SimpPlanet,Kansas League Player,@MerrillEdge  is FULL ON BLOCKING GME &amp; AMC purchases  This is UNACCEPTABLE   #GMEtothemoon #classwar #greed,-0.7944
2021-01-28 11:56:09,1354835669839970306,KoryIsFree,Kory,"@MerrillEdge If I wanted something, I'd probably just do what @MerrillLynch does and commit crimes.   https://t.co/mXRwlwdYPT",0.296
2021-01-28 11:51:40,1354834539814633475,3Dtravis,Travis Lee,"@MerrillEdge I'm glad you decided what I'm able to buy (and not buy) on the open stock market. Thanks for making that decision for me, there's now way I can weigh decisions on my own (that's sarcasm since I know twitter doesn't do sarcasm). Open up trading. You're overstepping.  https://t.co/IRbCkzT4zC",0.6124
2021-01-28 11:40:16,1354831669056790528,RowenHusky,Rowen Husky,@MerrillEdge I recorded the price of AMC I was planning to buy at today and the amount of shares you blocked for the upcoming class action lawsuit for unrealized gains due to your unlawful actions today.,0.1531
2021-01-28 11:38:57,1354831339292422156,Photon_Reef,Photon Reef,"@MerrillEdge Merrill is corrupt.  They blocked GME and AMC in the middle of a bull run, crashing the stock and costing their clients thousands.  Take your money out asap.",-0.2732
2021-01-28 11:37:33,1354830986400378885,Photon_Reef,Photon Reef,"@MerrillEdge Do not trust Merrill.  They blocked GME and AMC trading costing their clients thousands of dollars.  They can not be trusted, get your money out now.",-0.7473
2021-01-28 11:32:50,1354829801077559300,k_nole11,Charm City Nole,@MerrillEdge not allowing GME buys. Even in cash only accounts like Roth IRAs,0.3612
2021-01-28 11:32:40,1354829757754564610,GregKreeger,Greg Kreeger,@MerrillEdge why are you guys also getting involved in closing out retail investors from buying those stocks?  You guys are all part of causing a lot of people to lose their life savings to protect your hedge fund buddies,-0.0258
2021-01-28 11:16:17,1354825633650511876,mtnloops,Briones,@MerrillEdge You're about to see a reckoning.,0.0
2021-01-28 11:14:48,1354825260609232899,MarlWenplotsky,marl,@MerrillEdge  @MerrillLynch   YOU FUCKING CROOKS! LET US BUY! #GMEGANG  THIS IS BLATANT MARKET MANIPULATION!,-0.5871
2021-01-28 11:14:04,1354825076303032324,seanaldss,Li'l Sebastian,@MerrillEdge LET ME TRADE AMC I LOVE THE MOVIES YOU CROOKS,0.7125
2021-01-28 11:11:35,1354824453650149384,MarlWenplotsky,marl,@MerrillEdge   @MerrillLynch   YOU FUCKING CROOKS! LET US BUY! #GMEGANG  THIS IS BLATANT MARKET MANIPULATION!,-0.5871
2021-01-28 11:11:10,1354824348620648453,pdawg43,Patrick,@MerrillEdge is now screwing the little guy.  https://t.co/dgnQJQh46E,-0.2263
2021-01-28 11:10:54,1354824280995885057,dermdc,Farhaad R,@MerrillEdge blocking orders for AMC too  https://t.co/f3voMqmi9b,-0.3818
2021-01-28 11:08:28,1354823667960541184,MarlWenplotsky,marl,@MerrillEdge   @MerrillLynch   YOU FUCKING CROOKS! LET US BUY! #GME,0.0
2021-01-28 10:55:19,1354820360374423552,TrovebyCristin,Cristin,@MerrillEdge closing my account and moving to @Fidelity where I can purchase $AMC you are criminally manipulating the market with your halts.  Funny how it keeps going down with selling but the slightest rally up it halts.,0.0516
2021-01-28 10:53:04,1354819792767569921,tim84926834,Blame China,@MerrillEdge Open up trading to $gme @MerrillLynch @BankofAmerica,0.0
2021-01-28 10:51:05,1354819294513700871,MarlWenplotsky,marl,@MerrillEdge @MerrillLynch  YOU FUCKING CROOKS! LET US BUY! #GME,0.0
2021-01-28 10:47:29,1354818386157391887,JCulley13,Jeff Culley,@MerrillEdge @MerrillLynch so disappointed you banned trading in $GME and the rest.  Guess the cucks at the top gotta protect the hedge funds.,-0.5934
2021-01-28 10:46:56,1354818247778942985,TrovebyCristin,Cristin,@MerrillEdge also blocking $AMC buys!  @RobinhoodApp and others restricted to sell only so they can save the hedge funds.  This is criminal.  #wallstreetbets @stoolpresidente,-0.6628
2021-01-28 10:38:24,1354816099628453895,NoahBrookz,üíô,@MerrillEdge when can I buy the stock I want to buy? :(,-0.3818
2021-01-28 10:38:17,1354816073917321230,keri_santos,Keri S,@MerrillEdge why are you blocking the purchase of #AMC and #GME?! üò°,-0.4389
2021-01-28 10:35:52,1354815465655164934,ShortTermChrsma,Short Term Charisma,"@MerrillEdge has now stopped taking open orders for $GME and $AMC.  I understand no margin, but how is this legal?",-0.029
2021-01-28 10:32:31,1354814618879676418,joeallenii,Joe Allen,@MerrillEdge is now blocking purchases of $GME!! Is it just me or is the system stacked against the little guy!?! Time to take down the ‚Äúelites‚Äù!! #wallstreetbets $NOK $NAKD $GME $BBBY #ToTheMoon #RobinHood  https://t.co/gkG5SHwys3,-0.5815
2021-01-28 10:31:39,1354814402155827200,SimpPlanet,Kansas League Player,"@MerrillEdge Hey, do you all mind explaining why i can't buy both AMC &amp; GME??  Nice market manipulation you have going there",0.2406
2021-01-28 10:25:31,1354812859025215496,jjoness2,John Jones,@MerrillEdge #DOGE,0.0
2021-01-28 10:21:02,1354811730489085956,AnnekaGF,Anneka,@MerrillEdge is also restricting $GME and $AMC,-0.3818
2021-01-28 10:15:32,1354810346830090251,willzwonka,Will Smith,@MerrillEdge why can I not buy $GME or $AMC? I guess the hedge fund mangers pay you huh? üñï,-0.1926
2021-01-28 09:19:23,1354796214521376768,sean_bob6,Dante D‚ÄôAngelo,@MerrillEdge allowing the purchase of great stocks like $amc and $game still,0.765
2021-01-28 08:31:34,1354784181822365696,VinnieD732,Jay Gatsby,@MerrillEdge I normally talk shit but you guys have done a great job during all of this.,0.6542
2021-01-28 00:47:11,1354667317276377091,SmurfAccount654,James Darling,"@MerrillEdge What are your feelings re: GameSpot, and why the fuck are you on my timeline",-0.5423
2021-01-27 20:17:53,1354599545334865922,suprtchr,Lori Melnick Sheward,@MerrillEdge I had a trailer!üòÇI could never back up!üò¨I took a few Pepsi cut outs -out!ü§≠Not funny at the time!ü§´üòü,0.453
2021-01-27 19:44:54,1354591245885169665,CharlieDenny84,OTMCALLBUYER,@MerrillEdge No. You YOLO on Robinhood. $AMC to the moon !!!,0.363
2021-01-27 16:08:25,1354536764573151235,leftendo,Super Mario,@MerrillEdge Buy Gamestop.,0.0
2021-01-27 13:28:08,1354496426584190981,suitetalker,Bad Influence,@MerrillEdge  https://t.co/08gg47Hyky,0.0
2021-01-27 13:14:26,1354492979545694211,SorenCookie,Soren Cook,@MerrillEdge I see it has been resolved finally. Thanks for following up,0.5574
2021-01-27 11:49:44,1354471667247026180,ccarol813,happy_ole_lady,@MerrillEdge ü•∞,0.0
2021-01-27 11:02:45,1354459840999993347,TroubleWitKelly,Kellz,@MerrillEdge Bitch. I can't afford to feed my kids. What exactly should I invest. Fuck all the way off.  https://t.co/WPUxQLGJpn,-0.8074
2021-01-27 10:14:34,1354447714239606784,braveheart885,Brian Hatch,@MerrillEdge curious if it was possible to make my personal investment account into a joint one with my wife?,0.3182
2021-01-27 10:10:36,1354446718926991364,thelandgal,Pamela Brady LaChapelle Grubb,@MerrillEdge Can't wait! Nashville is my home!,0.0
2021-01-27 09:50:30,1354441659761774596,liz2664,Liz Butler,@MerrillEdge Please figure out how to complete my Direct Rollover from @EmpowerToday. Its not what I expected from @MerrillEdge You should know how to move stock into an IRA. Many calls and documents and still no one getting it done. Please get your ACAT team involved.,0.34
2021-01-27 00:20:18,1354298163985670145,SorenCookie,Soren Cook,@MerrillEdge how many times I need to call to get day trade violation flag from account despite depositing full amount 4 biz days back. 3 different reps have told me for past 2 days that flag will be removed tomo; 1 hour; tonight but nothing happened.  At my wits end n desperate,-0.6187
2021-01-26 21:14:20,1354251364646400000,JackJackington,Reese(Marquis de Lafayette),@MerrillEdge Buy Gamestop to screw over the shirts and then sell it quick.  S T O N K S,-0.1027
2021-01-26 20:29:20,1354240040293961731,Alexandrafunfit,"Alexandra Williams, MA",@MerrillEdge What exactly is your (@BankofAmerica) position donations to the 147 Republicans who supported the insurrection? You have a lot of my assets and I want to be sure your values align with mine?,0.8253
2021-01-26 11:37:31,1354106201504686081,A_LoGiudice,Alan LoGiudice,@MerrillEdge 2x in 2 days???? down again!,0.0
2021-01-26 10:34:38,1354090376211128321,Conscioustrades,The Conscious Trader,"@MerrillEdge Your customer service sucks. Your business account team, so called premium team are so incompetent. You are way below par compared to other brokers",-0.7573
2021-01-26 08:20:37,1354056649565118464,lareena_taylor,L,@MerrillEdge That's my goal!   Camper and my Buddy Dunkin  https://t.co/fwGPjErsoa,0.0
2021-01-26 05:34:38,1354014880714510337,softwarnet,Charles R. Smithüîπ,@MerrillEdge #TwitterCensorship This is to let you know we are now blocking sponsored ads on Twitter  Post to all Twitter advertisers and then issue a block - pass it on  Blocking ad posts is effective - it tells the advertiser that we won't view their ads &amp; hits Jack in the wallet,-0.6124
2021-01-25 18:16:50,1353844304263983104,christabbshow,Chris Tabb,"@MerrillEdge BREAKING NEWS:  Boston Comedian Chris Tabb has a YOUTUBE channel. You can peep all the loud, blue, clean, audience belly laughing, fun, crazy comedy and more to come on the YouTube channel. Yes ALL of it. #Subscribe #Like #Share ‚ù§ U  https://t.co/VeTkWyn1MW",0.9274
2021-01-25 12:33:56,1353758012830326784,LNedanam,Lisa LeDoux,"@MerrillEdge Geez, I'm glad I was born in 1965, one year too late to be called a boomer (although I'm not sure what it does make me). I don't identify with most of this, except for ""let's rock and roll."" I admit I did used to say that to my kids when it was time to get ready for school. üòÅ",0.6529
2021-01-25 10:27:42,1353726243607375872,LifsgdPiscit1,Jennifer Piscitelli,@MerrillEdge you cost me money AGAIN this morning. Can you say CLASS ACTION?? WHAT ARE YOU GOING TO DO TO UPGRADE to stop this from happening constantly???? I want a reply for a change.,-0.4329
2021-01-25 09:53:01,1353717516682620928,tom_moore,Tom Moore,@MerrillEdge @ks13942841 And now you're down AGAIN ... this is really pathetic. Fix your platform.,-0.6115
2021-01-25 09:51:54,1353717235500670976,tom_moore,Tom Moore,@MerrillEdge Your site is down (again!) on a Monday morning ... maybe fix that first.,0.0
2021-01-25 09:49:08,1353716540252811264,mabramovichx,Mimi Abramovich üåê,"@MerrillEdge @MerrillLynch @BofA_Business I believe you have an SLA with US your customers,this morning you just cost me a shit tone of CASH and I want it back!!! fix your crappy old platform or FIRE someone",-0.8981
2021-01-25 09:41:31,1353714622927302656,MrHarper121,James Harper,"@MerrillEdge my investment account is not working, please help!",-0.5442
2021-01-25 09:40:46,1353714433277607938,bmoresportsadct,‚àû,@MerrillEdge Your site is down once again. incredibly unstable and this happens way too much. Do something to fix the server/site. you are costing your loyal customers money. I will be contacting support for missed trades.,0.204
2021-01-25 09:40:37,1353714397240303617,dfx1923,Dfx1923,@MerrillEdge down again?,0.0
2021-01-25 09:39:48,1353714189055926277,mamba082481,Jason,@MerrillEdge fix your platform!  My account is now down and I can‚Äôt trade!,0.0
2021-01-25 09:39:34,1353714131816345601,NishantGogna,Nishant,@MerrillEdge Your platform is a joke. Down again.,0.296
2021-01-25 09:39:23,1353714086933114884,LifsgdPiscit1,Jennifer Piscitelli,@MerrillEdge AGAIN??? I can't log in on a Monday at market open??? Seriously??????,0.0
2021-01-25 09:38:39,1353713899460325377,NickyVanOrton1,Nicky Van Orton,"@MerrillEdge app down again. ‚ÄúOk, it‚Äôs Monday morning at 9:28 ET. You know the drill, ops team:  freeze all the &lt;$50M accounts, let the big boys get their trades in first, then we‚Äôll open the others back up around 10‚Äù -Aaron Levine @BangzDr @EnronChairman @WillRayValentin",0.0516
2021-01-25 09:38:37,1353713893756071938,andrethuo,Œî‚àèDRŒ£W,"@MerrillEdge Yo, fix your website. It‚Äôs down. Can‚Äôt sell orders!",0.0
2021-01-25 09:38:07,1353713768992301059,mjillson85,George Washington,"@MerrillEdge Another day, another broken trading platform.  Who runs your infrastructure?  Probably on some dated hardware in some dusty datacenter instead of leveraging a scalable cloud solution.  Sad.",-0.5994
2021-01-25 09:37:38,1353713644555612163,mrkpttrsn,Mark Patterson,@MerrillEdge   @MerrillLynch  Website down again.....,0.0
2021-01-25 09:37:20,1353713569595084800,JDiP09,James D.,@MerrillEdge fucking joke of a platform.,0.3597
2021-01-25 09:36:20,1353713318893137921,A_LoGiudice,Alan LoGiudice,@MerrillEdge What is going on????? site is down????get your act together,0.0
2021-01-25 09:35:05,1353713002500001793,M1st3rS,M1st3rS,@MerrillEdge You guys really going to have an outage this morning!?!? Come on! $GME $BBBY $BB cc: @unusual_whales @jimcramer,0.0
2021-01-25 09:34:12,1353712783179837440,gadawg80,Vitamin A,@MerrillEdge you worthless bunch of idiots fix your trading platform,-0.4404
2021-01-25 09:29:28,1353711592165298178,chrisdazey,Fully Functional,@MerrillEdge What if there was no place on earth where your job couldn‚Äôt control you?,-0.296
2021-01-25 01:09:38,1353585803465809921,k4ard,Brian Ard,@MerrillEdge Hi.. Do we have the ability to use Merrill Edge in pre- market ?? Thank you for your help....,0.6322
2021-01-24 18:47:27,1353489623222079488,Digit__10,Digit10,@MerrillEdge Christ. How big was this ad buy?  I see it 1000 times a day.,0.0
2021-01-24 17:04:22,1353463681430990849,tayontheburg,Da Fund¬ÆÔ∏èaise¬ÆÔ∏è‚úåüèæ‚úãüèæ‚úãüèæüëéüèæ‚ú®,@MerrillEdge  https://t.co/7uE0rDOK6P,0.0
2021-01-24 14:42:40,1353428022024572928,MySheroniak,Alex,@MerrillEdge all I see is a guy possibly hitting another guy in the face with a hammer while it's cold out.   so weird,-0.3052
2021-01-24 14:24:40,1353423492981506048,CoyoteTraveller,Coyote Traveller,@MerrillEdge Imagine thinking that this is a good thing,0.4404
2021-01-24 12:02:11,1353387633787990016,BarbaraVargo56,Unique Boutique by Barb,@MerrillEdge For sale just in time for Valentine's day  https://t.co/mMp3JRMJLt,0.0
2021-01-24 02:22:05,1353241647740407808,818_benz,Solo Tiburon,@MerrillEdge ALSO WHEN CAN I BUY SHARES LIKE AN ADULT?  I HAVE TO GET A CODE SENT TO MY PHONE EACH TIME I WANNA BUY A STOCK. THIS XTRA STEP IS UNNECESSARY.  FUNNY HOW THERE IS NO NEED TO ENTER THE CODE WHEN TRADING THE TICKER'S OPTIONS AS THEY'RE RISKIER.,0.5766
2021-01-23 03:32:15,1352896916942688256,l3l2ucelee,Litecoin Moses {No XRP} ‚Çø ‚ß´ ≈Å,@MerrillEdge I always think he about to behead somebody when I see this clip,0.0
2021-01-23 03:08:11,1352890860736815104,mcleansale,McLean sale,@MerrillEdge Please quit showing me ads of the Q shaman,0.3182
2021-01-22 23:09:37,1352830822722768897,tayontheburg,Da Fund¬ÆÔ∏èaise¬ÆÔ∏è‚úåüèæ‚úãüèæ‚úãüèæüëéüèæ‚ú®,@MerrillEdge  https://t.co/T8N1OxjQQY,0.0
2021-01-22 21:35:36,1352807164419575810,Oldgriz64,Gerald Christensen,@MerrillEdge  https://t.co/2dP4r2K3l0,0.0
2021-01-22 19:37:49,1352777523634040833,christabbshow,Chris Tabb,"@MerrillEdge Boston Comedian Chris Tabb has a YOUTUBE channel. You can peep all the loud, blue, clean, audience belly laughing, fun, crazy comedy and more to come on the YouTube channel. Yes ALL of it. #Subscribe #Like #Share ‚ù§ U  https://t.co/VeTkWyn1MW",0.9274
2021-01-22 17:51:58,1352750886292885505,fromjemma,just_be_rational,@MerrillEdge I plan an exciting trip later from my kitchen to the living room! Can't wait.,0.5411
2021-01-22 16:07:18,1352724544642031617,ae39393e5bb14b9,Shawn Feagin,@MerrillEdge we just went back to 2009,0.0
2021-01-22 13:59:27,1352692368714076160,joeclifford23,joe clifford,"@MerrillEdge Every time I see this ad, I'm, like, ""What the hell is The Rock cutting?""",-0.4767
2021-01-22 12:31:14,1352670169890435074,c_riddle49,Mary Morris,@MerrillEdge No. That would be dealing with reality and would not offer an opportunity for Pelosi and Schumer to hold court. Facts and truth are so inconvenient to the US Congress.,-0.6027
2021-01-21 12:26:27,1352306577680683009,Alexandrafunfit,"Alexandra Williams, MA","@MerrillEdge Hello, ML. Please have a chat with your owner @BankofAmerica about their waffly stance on those in Congress who were complicit in the insurrection. Signed, an about-to-be former client.",0.3182
2021-01-21 06:44:13,1352220453285359617,originalname37,We must end the Republican Party,@MerrillEdge More like Self-Destruct,0.4201
2021-01-21 05:45:25,1352205653553647616,fedguga1,jennifer browne,@MerrillEdge Perhaps your brokers can call when they say they will?,0.0
2021-01-20 22:37:17,1352097911002308608,Downwinder47,Jeff Smith,@MerrillEdge Please go away.,0.3182
2021-01-20 19:57:01,1352057577870417921,LarryLogical,Crypt‚¨°sho,@MerrillEdge How will you pursue your investing goals?  Me: Thanks for asking  By going ALL-IN $LINK   https://t.co/rrQmIaiQyL,0.4404
2021-01-20 18:00:50,1352028342329991168,SteadyBiscuits,Cole,@MerrillEdge Who here thought that was The Rock at first?,0.0
2021-01-20 17:12:16,1352016117284425733,stormes_mark,Mark ( DeTragila/ Colacicco) Stormes,@MerrillEdge Never!,0.0
2021-01-20 16:45:46,1352009447942492162,Reno4good,Reno4good,@MerrillEdge Merrill - heard you supported the insurrection against our Constitution and our Country. If you are giving $ to Ted Cruz or Hawley you are traitors. We are watching and checking.,0.5719
2021-01-20 10:50:02,1351919927897300994,tayontheburg,Da Fund¬ÆÔ∏èaise¬ÆÔ∏è‚úåüèæ‚úãüèæ‚úãüèæüëéüèæ‚ú®,@MerrillEdge  https://t.co/7uE0rDOK6P,0.0
2021-01-20 10:43:12,1351918207423004672,ks13942841,KS,@MerrillEdge morning. I haven't been able to login today. Is there any ongoing issues on your end or is this isolated to me?,-0.3869
2021-01-19 22:58:58,1351740980584706049,tayontheburg,Da Fund¬ÆÔ∏èaise¬ÆÔ∏è‚úåüèæ‚úãüèæ‚úãüèæüëéüèæ‚ú®,@MerrillEdge  https://t.co/7uE0rDOK6P,0.0
2021-01-19 10:58:27,1351559658092322818,arthursimonart,Arthur Simon,@MerrillEdge @tedcruz should resign and live in a birdhouse,-0.34
2021-01-19 09:23:23,1351535731328442371,jl78051,J lovato,@MerrillEdge ReTweet: DEMAND INVESTIGATION OF @LindseyGrahamSC @SenTedCruz     @HawleyMO @SenHydeSmith @SenJohnKennedy @RogerMarshallMD @SenTuberville 140+ @HouseGOP 's Email Twitter Web Activity Travel Fundraising Mail Banking Guns Contacts Phones Fbook etc. 4 INVOLVEMENT IN INSURRECTION!,-0.3664
2021-01-19 05:19:45,1351474419617705990,RobertW69222971,Robert Whitehead,@MerrillEdge No  That's   bad help,-0.4588
2021-01-19 00:28:38,1351401157504229376,Ashashley3121,Ash vs Ashleyüíúüå∂üççüåÆ,@MerrillEdge I thought it was a @Shudder trailer for a horror movie.,-0.5719
2021-01-19 00:27:30,1351400873436524544,Ashashley3121,Ash vs Ashleyüíúüå∂üççüåÆ,@MerrillEdge A bird in the hand is worth 2 in the bush...or however it goes...but he clearly killed it. And now to kill his family. What in creation is thisüò≠,-0.3182
2021-01-18 21:44:55,1351359958961557505,seahawkfan704,Amber,"@MerrillEdge In the middle of a pandemic when people are out of work and asking for food, you want them to invest?  Are you as tone deaf as this sounds?",0.168
2021-01-18 19:32:58,1351326748898709505,EnzoWestie,(((Enzo Baruch))) üêïüò∑üêæüßº,@MerrillEdge Just. Go.,0.0
2021-01-18 10:04:12,1351183614101377024,Jean_LitePicard,Jean_Lite Picard,@MerrillEdge #Bitcoin #Litecoin ≈Å  #Digibyte,0.0
2021-01-17 18:16:39,1350945155394789378,LifsgdPiscit1,Jennifer Piscitelli,@MerrillEdge Please improve your app to bring it to the level of TD Ameritrade,0.6369
2021-01-17 04:47:35,1350741547285848068,PrayashLand,Prayash the skinny,@MerrillEdge This Is the coolest ad format wtf,-0.5859
2021-01-16 21:31:28,1350631797248438279,nanawillen,Nancie,@MerrillEdge Looks like fun but alittle cold,0.4404
2021-01-16 20:31:43,1350616759263522817,dvharry2020,"Stackmore Satsworth {1 USD equals 1,748 sats!}",@MerrillEdge @bitcoin_sun show me the light!,0.0
2021-01-16 07:28:14,1350419590891888640,katewillmore,MNCounsel,@MerrillEdge Great ad!,0.6588
2021-01-15 20:51:19,1350259304167661572,GlobalGere_inc,"Global Environmental Recycler,Inc.",@MerrillEdge,0.0
2021-01-15 17:47:42,1350213095667474433,chrisitis131313,Chris McC,@MerrillEdge  https://t.co/O3eojaRZRI,0.0
2021-01-15 12:25:09,1350131923226656769,reitz37,Tim üèÉüèªüç∫üí∞,@MerrillEdge the quick trade function that you‚Äôre beta testing - üëç  Pls keep it.,0.0772
2021-01-15 10:56:52,1350109705255997444,insured32,Chinwem Michaels,"@MerrillEdge Goodday here, please do u by any chance know about bitcrowdy microfinance LLC?",0.5106
2021-01-15 10:55:40,1350109402926379010,insured32,Chinwem Michaels,@MerrillEdge,0.0
2021-01-15 10:23:28,1350101299648360449,lynda1225,Lynda M.S. Ed‚ùÑüåºüê∂,@MerrillEdge Not giving my address. Nope.,-0.2584
2021-01-15 07:43:37,1350061071470616576,zabstaff,elizabeth,@MerrillEdge Every time I see this I think someone is getting a Covid test with an icicle.  https://t.co/Y0Hzhq7NEm,0.0
2021-01-15 00:05:38,1349945818518851585,ronenfield,Ron Enfield,"@MerrillEdge I approve of your new retro name, ""Merrill  Lynch, Pierce, Fenner &amp; Smith."" Much better than some anonymous three-letter acronym.",0.4404
2021-01-14 11:01:02,1349748369174872066,rumrac,Carol Murphy,"@MerrillEdge It took me 5 times looking at this to change my perspective from serial killer with a knife, to a guy building a wooden bird house or mailbox.",-0.6486
2021-01-14 10:01:58,1349733502133026817,rosannerubino,rosanne rubino,@MerrillEdge I‚Äôm taking my money elsewhere,0.0
2021-01-14 00:14:32,1349585671724306435,kkdble,Karen Kendrick,@MerrillEdge Where are you on funding the Sedition Caucus?,-0.4215
2021-01-13 22:22:30,1349557476174262273,Vincent_usa22,Vincent,@MerrillEdge I won't use your service or product as long as it's advertised on #BigTech platforms that censors American people. #BigTechCensorship #DrainTheBigTech,-0.296
2021-01-13 10:51:44,1349383640350822400,plethoramania,Wacko Cacoethes,@MerrillEdge Replace Master Chief of Halo‚Ñ¢ with this badass,-0.1901
2021-01-13 08:56:41,1349354687166877700,RonCCole,Ron Cole - Don Rickles of political pundits.,@MerrillEdge Boycott Merrill and everything they offer until they cut off all funding to the Insurrection Party and every member in it. Otherwise you're just funding another insurrection through this company.,-0.1779
2021-01-12 18:47:50,1349141066788827142,brflux,Brett,@MerrillEdge Bs.,0.0
2021-01-12 12:06:32,1349040075414204418,DarkKittee,DREAMS OF CARYL,@MerrillEdge Is there a reason why you made this guy look like an insane serial killer who bought a cabin to take his victims to? This is a creepy ad.,-0.7783
2021-01-12 11:03:24,1349024185851514881,EderPinheiro7,EPinheiro,"@MerrillEdge So cute‚ú® Vice President loves Riots, Antifa, BLM coward actions. Congrats. So excited to side with anarchy.  https://t.co/lVu1REApiK",0.5413
2021-01-12 10:49:13,1349020619229327364,joshamayfield,Josh Mayfield,"@MerrillEdge I mean, what is this guy even hammering?",0.0
2021-01-12 08:54:07,1348991650803150849,jebyrne06,Jennifer Byrne,@MerrillEdge Plz stop this ad it looks like that crazy guy with horns in capitol using a knife and keeps freaking me out,-0.5574
2021-01-12 00:47:29,1348869185804316672,Boogity_Pacman,Vypyr,@MerrillEdge Twitter stocks are falling! Better dump while you can still make some money. They won't rebound from this catastrophe! Dump now!,-0.8758
2021-01-12 00:44:50,1348868519203545088,BDSupperClub,Bill Dunn,"@MerrillEdge What #Republicans are YOU SUPPORTING, hey??????",0.6801
2021-01-11 23:33:29,1348850562993938433,Evilgenius68,Official/UnOfficialActingANTIFAPRESIDENT !,@MerrillEdge Since you invaded my TL  . Are you still doing business with Yrumps traitors ? If so Block me and never return.,-0.5777
2021-01-11 23:26:05,1348848700798472193,ggld,Greg Glade,"@MerrillEdge Are you kidding? With the current DeJoy-destroyed USPS, if I changed my address, I‚Äôd never get my mail.",0.1027
2021-01-11 22:17:29,1348831435914838016,cerebraldebris,cerebraldebris(TM),"@MerrillEdge I wish you a successful ad campaign, but I won't purchase ANYTHING or do business with ANYONE advertised on this communist platform. #BigTech #Censorship #BoyCottTwitter",0.5023
2021-01-11 21:48:37,1348824173678878725,iGomzz,üóø,@MerrillEdge Smith is the truth,0.3182
2021-01-11 20:39:00,1348806653920104450,Jane_Steranko,Jane.Steranko,@MerrillEdge Organization that reward geometrically with out saving even one is an organization that does not need my money.,0.5719
2021-01-11 16:24:32,1348742614003146753,bonuschaos,bonusChaos,"@MerrillEdge why can‚Äôt I buy QQQJ? Is there a waiting period for new issues, or some other criteria? I can buy QQQ and it‚Äôs also an Invesco product.  ?",0.0
2021-01-11 11:30:23,1348668588824035328,spottedFirefly,Kary,@MerrillEdge thumbs down on your enhanced Sell functionality on iOS. I used to be able to sell stock within a screen and now i have to go through 3 screens. That's not efficient imo.,-0.3252
2021-01-08 14:38:25,1347628745360859136,migwke,Mike,"@MerrillEdge hold time with Merrill Edge, great service guys  https://t.co/MFIbUQjB1a",0.6249
2021-01-08 12:31:55,1347596912262864897,sdk72085,Scott,@MerrillEdge the merrill edge site is a joke. Do not think about trading anything other than plain vanilla equities and stick with a cash account. The advisory center is overwhelmed and can never get help within a 45 minute period... just waiting for a trade error,-0.3732
2021-01-07 13:47:17,1347253488632221697,ErikRobbins,erikrobbins,"@MerrillEdge DM me soon and I will transfer my accounts over today. Apparently, @TDAmeritrade no longer has a human employed that I can speak with or one that can return an email or chat. I'm done with them.",-0.296
2021-01-06 11:54:49,1346862799323099143,martins8165,_,@MerrillEdge I have been on hold for TWO HOURS waiting to speak with a trading specialist. Why isn't there an option to receive a callback???,0.0
2021-01-06 10:31:23,1346841801446068224,selfwithin,Satoshi Nakamoto,@MerrillEdge Fix the Fucking Order system,0.0
2021-01-06 09:56:55,1346833128002891777,selfwithin,Satoshi Nakamoto,@MerrillEdge why you down? CAnt execute trades,0.0
2021-01-06 02:14:15,1346716696313122816,ryanljohnson08,Ryan Johnson,@MerrillEdge you must ignore all your unhappy customers. Great business practice. Give me my damn money.,-0.4404
2021-01-06 02:08:37,1346715277858201602,ryanljohnson08,Ryan Johnson,@MerrillEdge  where's my money.  Its been since the 22nd.,0.0
2021-01-05 18:01:16,1346592631694839808,C1RCU17_W1R3,j4nv5,@MerrillEdge No one will take you serious until fractional shares is available.,-0.0772
2021-01-05 17:12:52,1346580449292816385,ryanljohnson08,Ryan Johnson,"@MerrillEdge Where the f*ck is my money. On the 22nd of December I Wanted to buy $CBDD so I sold my $BA and then your app told me I couldn't buy $CBDD cause it was to high risk, aka under 5$ and market cap below 500million. I Asked if I could by $GEVO they said yes, which is",0.1531
2021-01-05 11:42:16,1346497252316033025,SeeUinDC,$eeUinDC,"@MerrillEdge When can we purchase fractional shares? Get with it, it‚Äôs 2021",0.296
2021-01-05 11:34:55,1346495403877916672,MulahCrckaDulla,MullahCrackaDulla,@MerrillEdge Your Platform is crap!,-0.4389
2021-01-05 10:40:46,1346481774415605764,SeeUinDC,$eeUinDC,@MerrillEdge @MerrillLynch When can we see fractional share purchase on the platform?,0.296
2021-01-04 13:34:30,1346163110948843520,JerryMillerNow,Jerry Miller,"@MerrillEdge, your trading platform is down. Why are you frequently unreliable??",0.0
2021-01-04 12:59:32,1346154310313402372,lowlyinvestor,lowlyinvestor,"@MerrillEdge won't show market data now.   Come on, it's not that bad out there!",0.484
2021-01-03 11:55:26,1345775791100092418,Tranqull,Tranqull,@MerrillEdge Not being able to get anyone to answer the phone for the last two days is a shining example of why you shouldn‚Äôt have all your assets at one brokerage firm.,0.1779
2021-01-03 11:54:26,1345775538389057537,Tranqull,Tranqull,@MerrillEdge I have been calling you for the last two days and can‚Äôt get anyone to answer the phone. I am locked out of my account.,0.0
2021-01-01 11:25:06,1345043382343761922,richjarretteen1,richard jarrett,@MerrillEdge Savings is so important consider time and money.,0.3327
2021-01-29 16:04:16,1355260497659002884,raysurx,R.Ramos,"@MerrillEdge so I'm giving MerrllEdge a try, but so far not good. You guys have Zero Chat support? So only phone support, which can be frustrating to hold for 30 to 60 minutes! Get Chat Support 24/7 or I will switch to Schwab!",0.6926
